<?xml version="1.0" encoding="UTF-8"?>
<Configuration>
    <Appenders>
        <Console name="console" target="SYSTEM_OUT">
            <PatternLayout pattern="%d %5p [%c] %m%n" />
        </Console>
    </Appenders>
    <Loggers>
        <Logger name="java.sql" level="INFO" additivity="false">
            <AppenderRef ref="console" />
        </Logger>
        <Logger name="egovframework" level="DEBUG" additivity="false">
            <AppenderRef ref="console" />
        </Logger>

        <Logger name="myorgwork" level="DEBUG" additivity="false">
            <AppenderRef ref="console" />
        </Logger>

        <Logger name="myorgwork" level="INFO" additivity="false">
            <AppenderRef ref="console" />
        </Logger>

          <!-- log SQL with timing information, post execution -->
        <Logger name="jdbc.sqltiming" level="INFO" additivity="false">
            <AppenderRef ref="console" />
        </Logger>


        <Logger name="org.springframework" level="INFO" additivity="false">
            <AppenderRef ref="console" />
        </Logger>



        <Logger name="jdbc.resultset" level="OFF">

         </Logger>

         <Logger name="jdbc.audit" level="OFF">

         </Logger>

         <Logger name="jdbc.connection" level="OFF">

         </Logger>

         <Root level="INFO">
            <AppenderRef ref="console" />
        </Root>

    </Loggers>
</Configuration>
