<?xml version="1.0" encoding="UTF-8"?>
<!DOCTYPE mapper PUBLIC "-//mybatis.org//DTD Mapper 3.0//EN" "http://mybatis.org/dtd/mybatis-3-mapper.dtd">
<mapper namespace="myorgwork.file.service.impl.FileMapper">

	<select id="SP_FILE_SEQ" statementType="CALLABLE"  resultType="long">
			  {  call SP_FILE_SEQ( ) }

	</select>


	<insert id="SP_FILE_SAVE" statementType="CALLABLE" parameterType="myorgwork.file.vo.fileVo"  >
			  {  call SP_FILE_SAVE( #{fileSeq},#{fileNm},#{fileOrgNm},
			  #{dirPathIf},#{fileSizeIf},#{extensionIf},
			  #{userSeq} ) }
	</insert>


	<delete id="SP_FILE_DELETE" statementType="CALLABLE" parameterType="myorgwork.file.vo.fileVo"  >
			  {  call SP_FILE_DELETE( #{fileSeq},#{fKeySeq})
			    }
	</delete>


	<select id="SP_FILE_LIST" statementType="CALLABLE" parameterType="String" resultType="egovMap" >
			  {  call SP_FILE_LIST( #{fileSeq} )  }
	</select>




</mapper>